{"cameraMode":{"drawMode":0,"name":"Shaded","section":"Shading Mode"},"sceneLighting":true,"audioPlay":false,"sceneViewState":{"m_AlwaysRefresh":false,"showFog":true,"showSkybox":true,"showFlares":true,"showImageEffects":true,"showParticleSystems":true,"showVisualEffectGraphs":true,"m_FxEnabled":true},"in2DMode":false,"pivot":{"x":3.9886093139648439,"y":6.118580341339111,"z":7.638799667358398},"rotation":{"x":0.029850224032998086,"y":0.2294216752052307,"z":0.007052970584481955,"w":-0.9728525280952454},"size":12.923042297363282,"orthographic":false}